{
  "films": [
    {
      "name": "Encanto",
      "category": "Animation",
      "imgLink": "https://play-lh.googleusercontent.com/EO7BYIuK3h5JLikrc9IzTkU81RDtdWxR2KSF3ftcNK9sgq-TpojUwokneZepTpnZh0iSjridMWryLdtAKmA=w200-h300-rw",
      "price": 20,
      "id": 1
    },
    {
      "name": "No Time To Die",
      "category": "Action & adventure",
      "imgLink": "https://play-lh.googleusercontent.com/Orhus4V8eVt5TMFVqNKeU7eaPmSNJ0VCrBsEQmEKFey7dmbZgi8S61Xs1W095R6Gc_qNeehFr6pjCa2P7mk=w200-h300-rw",
      "price": 15,
      "id": 2
    },
    {
      "name": "The Addams Family 2",
      "category": "Animation",
      "imgLink": "https://play-lh.googleusercontent.com/k0Kr4Z29sEwiFeZdTehV3Gn-XxyT8xxNZbf3hf6Pe966njuNOP6tlZORRasqrLOSI4knXoWowlWTtEwwgQ=w200-h300-rw",
      "price": 15,
      "id": 3
    },
    {
      "name": "Venom: Let There Be Carnage",
      "category": "Action & adventure",
      "imgLink": "https://play-lh.googleusercontent.com/Wsu3HY4KRnigHsTfUMcnRZxcI0PIduFHHwZiwH-njy19W1LDDGSBHNj1Qj3KpfUsyTw09xq2uXkGrO1qMBWF=w200-h300-rw",
      "price": 17,
      "id": 4
    },
    {
      "name": "Fast & Furious 9",
      "category": "Action & adventure",
      "imgLink": "https://play-lh.googleusercontent.com/vrnTfvnWT8gcWMOx3XfGG_v4ZExtkStFk1C4RNaIQWYgxes_hLXgk_75sW71Ne42ChneV82pkp016Neu5E4n=w200-h300-rw",
      "price": 12,
      "id": 5
    },
    {
      "name": "The Croods 2: A New Age",
      "category": "Action & adventure",
      "imgLink": "https://play-lh.googleusercontent.com/xCIfjkFBgCWj3INUrIOAHSNBMmM-4Xr2qdGeWANFS41QhbKdbWkup4ZWkETb1DNYUXMgUtHXLI18r1zafg=w200-h300-rw",
      "price": 12,
      "id": 6
    },
    {
      "name": "A Quiet Place Part II",
      "category": "Action & adventure",
      "imgLink": "https://play-lh.googleusercontent.com/9l8pYWyZ7vm9vHXHeLhhZ795OOeu0A7QoaGsJbx5DjFQE0vamIoDP-jInvajx6pOXmSKGiQNYs73odsgSQ=w200-h300-rw",
      "price": 8,
      "id": 7
    },
    {
      "name": "O Expresso Polar",
      "category": "Animation",
      "imgLink": "https://play-lh.googleusercontent.com/JOoQvlRDOJgSgO6ucSDMu2hAbEaTt5OOky1sC2XJofPk5EdKH6SWrzMUD7wFZqmRY9Pk=w200-h300-rw",
      "price": 4,
      "id": 8
    },
    {
      "name": "A Fantástica Fábrica de Chocolates",
      "category": "Comedy",
      "imgLink": "https://play-lh.googleusercontent.com/giMD69WYO9-iDW2cr-6dqrrVZj3gcZBWY_P-S1eNBlF2EJUtAaKQFtR80rn7S6zrqwv9=w200-h300-rw",
      "price": 8,
      "id": 9
    },
    {
      "name": "Gremlins",
      "category": "Comedy",
      "imgLink": "https://play-lh.googleusercontent.com/QmB1zFwbmczYstKNHd6DgjkG1GbYkGXxgaEZQ8K4LOe7CVnvAp8-jT_BciXEla6blss=w200-h300-rw",
      "price": 6,
      "id": 10
    },
    {
      "name": "Homem-Aranha: Longe De Casa",
      "category": "Sci-fi & fantasy",
      "imgLink": "https://play-lh.googleusercontent.com/cEE5zFsribcrO0xwO5Ky2sVfhRyXCRUmR6YZAxTiyKp0ozDYv4wPN_j4Lxpz1ciZlrq5=w200-h300-rw",
      "price": 6,
      "id": 11
    },
    {
      "name": "Scream",
      "category": "Horror",
      "imgLink": "https://play-lh.googleusercontent.com/8b0izQwxU79gMpvcdSHqjcYlAmaTXgTL-rXrijHkeYfYEnQbmdj0pKOOUj3mqc3u8eE=w200-h300-rw",
      "price": 5,
      "id": 12
    },
    {
      "name": "Homem-aranha",
      "category": "Action & adventure",
      "imgLink": "https://play-lh.googleusercontent.com/uluv3UJ08kwwZJqHsZZiQXzvMfTPB3vGQzvrPW8-9Aqz9eTKn5wWwfUxznJsyh8tyPA=w200-h300-rw",
      "price": 6,
      "id": 13
    },
    {
      "name": "O Lobo de Wall Street",
      "category": "Crime",
      "imgLink": "https://play-lh.googleusercontent.com/B68cXgq-ePjEwKFmS9TVP-aGuM_1DuqJoIF30ydEd2yGWfj7xD36LH-Q1geMGGCxjicK=w200-h300-rw",
      "price": 3,
      "id": 14
    },
    {
      "name": "Homem-Aranha - De Volta Ao Lar",
      "category": "Action & adventure",
      "imgLink": "https://play-lh.googleusercontent.com/dfv4oQ8LufotpEwJcwI1baHsCqSrvk1hPhmSB7SnsGr3sG1G8xPdER57wz5rRYSZQIuBLQ=w200-h300-rw",
      "price": 6,
      "id": 15
    }
  ]
}
